{
  "id": "facae1ff-951f-4d2b-baaa-08c897665d5e",
  "name": "Room",
  "isOverridable": true,
  "entries": [
    {
      "value": "kitchen",
      "synonyms": [
        "kitchen",
        "cook\u0027s room",
        "cuisine",
        "cookhouse"
      ]
    },
    {
      "value": "bedroom",
      "synonyms": [
        "bedroom",
        "chamber",
        "bedchamber"
      ]
    },
    {
      "value": "bathroom",
      "synonyms": [
        "bathroom",
        "bath",
        "restroom",
        "toilet",
        "lavatory"
      ]
    },
    {
      "value": "living room",
      "synonyms": [
        "salon",
        "sitting room",
        "parlor",
        "living room"
      ]
    },
    {
      "value": "garage",
      "synonyms": [
        "garage",
        "parking"
      ]
    }
  ],
  "isEnum": false,
  "automatedExpansion": false
}